[
  {
    "id": 0,
    "title": "Check validation involves making sure all your tags are properly closed and nested.",
    "status": "In Progress",
    "statusCode": "primary",
    "date": "10 Nov"
  },
  {
    "id": 1,
    "title": "Test the outgoing links from all the pages to the specific domain under test.",
    "status": "pending",
    "statusCode": "danger",
    "date": "04 Aug"
  },
  {
    "id": 2,
    "title": "Test links are used to send emails to admin or other users from web pages.",
    "status": "Done",
    "statusCode": "success",
    "date": "25 Feb"
  },
  {
    "id": 3,
    "title": "Options to create forms, if any, form deletes a view or modify the forms.",
    "status": "In Progress",
    "statusCode": "primary",
    "date": "15 Dec"
  },
  {
    "id": 4,
    "title": "Wrong inputs in the forms to the fields in the forms.",
    "status": "pending",
    "statusCode": "danger",
    "date": "11 Nov"
  },
  {
    "id": 5,
    "title": "Check if the instructions provided are perfect to satisfy its purpose.",
    "status": "pending",
    "statusCode": "danger",
    "date": "04 Sept"
  },
  {
    "id": 6,
    "title": "Application server and Database server interface.",
    "status": "Done",
    "statusCode": "success",
    "date": "08 July"
  }
]
